{
  "project_info": {
    "project_number": "1059770837260",
    "project_id": "quark-50998",
    "storage_bucket": "quark-50998.appspot.com"
  },
  "client": [
    {
      "client_info": {
        "mobilesdk_app_id": "1:1059770837260:android:6d79ae86ee6aac4c5d0129",
        "android_client_info": {
          "package_name": "com.example.quark"
        }
      },
      "oauth_client": [
        {
          "client_id": "1059770837260-bq9drqfs8fmss1mouu8rfdgu9mmp6krn.apps.googleusercontent.com",
          "client_type": 3
        }
      ],
      "api_key": [
        {
          "current_key": "AIzaSyAiVf773EEtZYhKcfGuiNGOJbOCTu03V5I"
        }
      ],
      "services": {
        "appinvite_service": {
          "other_platform_oauth_client": [
            {
              "client_id": "1059770837260-bq9drqfs8fmss1mouu8rfdgu9mmp6krn.apps.googleusercontent.com",
              "client_type": 3
            }
          ]
        }
      }
    }
  ],
  "configuration_version": "1"
}